video,emotion
1542.mp4,Romance
0795.mp4,Romance
1622.mp4,Romance
1658.mp4,Romance
1408.mp4,Romance
0075.mp4,Romance
1179.mp4,Romance
0773.mp4,Romance
1594.mp4,Romance
0543.mp4,Romance
0267.mp4,Romance
2098.mp4,Romance
0044.mp4,Romance
1054.mp4,Romance
1938.mp4,Romance
1107.mp4,Romance
0283.mp4,Romance
0711.mp4,Romance
1807.mp4,Romance
1278.mp4,Romance
0456.mp4,Romance
0125.mp4,Romance
0204.mp4,Romance
1468.mp4,Romance
1028.mp4,Romance
1460.mp4,Romance
0369.mp4,Romance
2007.mp4,Romance
1295.mp4,Romance
1733.mp4,Romance
0902.mp4,Romance
1909.mp4,Romance
1911.mp4,Romance
1381.mp4,Romance
1177.mp4,Romance
1972.mp4,Romance
0433.mp4,Romance
0111.mp4,Romance
1444.mp4,Romance
0350.mp4,Romance
0036.mp4,Romance
0507.mp4,Romance
1756.mp4,Romance
1435.mp4,Romance
0560.mp4,Romance
1201.mp4,Romance
1551.mp4,Romance
1989.mp4,Romance
1341.mp4,Romance
1978.mp4,Romance
1383.mp4,Romance
1056.mp4,Romance
1016.mp4,Romance
0400.mp4,Romance
1407.mp4,Romance
1308.mp4,Romance
0610.mp4,Boredom
1178.mp4,Boredom
0527.mp4,Boredom
0814.mp4,Boredom
0484.mp4,Boredom
0891.mp4,Boredom
0704.mp4,Boredom
0117.mp4,Boredom
1952.mp4,Boredom
0537.mp4,Boredom
0697.mp4,Boredom
0310.mp4,Boredom
1287.mp4,Boredom
1251.mp4,Boredom
0694.mp4,Boredom
1372.mp4,Boredom
1604.mp4,Boredom
1797.mp4,Boredom
1369.mp4,Boredom
1846.mp4,Boredom
0303.mp4,Boredom
2101.mp4,Boredom
0693.mp4,Boredom
1167.mp4,Boredom
1648.mp4,Boredom
1939.mp4,Boredom
0203.mp4,Boredom
1791.mp4,Boredom
0812.mp4,Boredom
1794.mp4,Boredom
1018.mp4,Boredom
0406.mp4,Horror
1339.mp4,Horror
2058.mp4,Horror
0866.mp4,Horror
1562.mp4,Horror
1605.mp4,Horror
1184.mp4,Horror
0699.mp4,Horror
1204.mp4,Horror
0606.mp4,Horror
1292.mp4,Horror
0674.mp4,Horror
1014.mp4,Horror
0481.mp4,Horror
0887.mp4,Horror
0195.mp4,Horror
0153.mp4,Horror
1705.mp4,Horror
0856.mp4,Horror
1830.mp4,Horror
1755.mp4,Horror
0107.mp4,Horror
1286.mp4,Horror
0565.mp4,Horror
0811.mp4,Horror
0312.mp4,Horror
0646.mp4,Horror
0782.mp4,Horror
0238.mp4,Horror
1601.mp4,Horror
0759.mp4,Horror
0647.mp4,Horror
0062.mp4,Horror
0234.mp4,Horror
0855.mp4,Horror
1464.mp4,Horror
1922.mp4,Horror
1943.mp4,Horror
0790.mp4,Horror
1026.mp4,Horror
1111.mp4,Horror
0240.mp4,Horror
1126.mp4,Horror
1214.mp4,Horror
0236.mp4,Horror
0632.mp4,Horror
0278.mp4,Horror
1819.mp4,Horror
1226.mp4,Horror
1434.mp4,Horror
0387.mp4,Horror
1114.mp4,Anxiety
0970.mp4,Anxiety
0845.mp4,Anxiety
1679.mp4,Anxiety
0767.mp4,Anxiety
0626.mp4,Anxiety
1955.mp4,Anxiety
1990.mp4,Anxiety
1654.mp4,Anxiety
0372.mp4,Anxiety
0724.mp4,Anxiety
1657.mp4,Anxiety
1809.mp4,Anxiety
1914.mp4,Anxiety
1237.mp4,Anxiety
0598.mp4,Anxiety
0900.mp4,Anxiety
1644.mp4,Anxiety
0329.mp4,Anxiety
1041.mp4,Anxiety
1702.mp4,Anxiety
0385.mp4,Anxiety
0853.mp4,Anxiety
0046.mp4,Anxiety
0690.mp4,Anxiety
0096.mp4,Anxiety
1250.mp4,Anxiety
0324.mp4,Anxiety
0377.mp4,Anxiety
0031.mp4,Anxiety
1318.mp4,Anxiety
0722.mp4,Anxiety
0460.mp4,Anxiety
1845.mp4,Anxiety
0908.mp4,Anxiety
0615.mp4,Anxiety
0435.mp4,Anxiety
0624.mp4,Anxiety
1284.mp4,Anxiety
1313.mp4,Anxiety
0419.mp4,Anxiety
0492.mp4,Anxiety
1926.mp4,Anxiety
1827.mp4,Anxiety
0604.mp4,Anxiety
1137.mp4,Anxiety
1737.mp4,Anxiety
1186.mp4,Anxiety
0489.mp4,Anxiety
2121.mp4,Anxiety
2052.mp4,Anxiety
0045.mp4,Anxiety
0370.mp4,Anxiety
1629.mp4,Anxiety
1663.mp4,Anxiety
1067.mp4,Awe
0721.mp4,Awe
0487.mp4,Awe
1836.mp4,Awe
0915.mp4,Awe
1738.mp4,Awe
1513.mp4,Awe
0831.mp4,Awe
0029.mp4,Awe
1948.mp4,Awe
0146.mp4,Awe
1241.mp4,Awe
0983.mp4,Awe
0941.mp4,Awe
0381.mp4,Awe
0581.mp4,Awe
1732.mp4,Awe
1969.mp4,Awe
0185.mp4,Awe
1673.mp4,Awe
1246.mp4,Awe
0302.mp4,Awe
2043.mp4,Awe
0875.mp4,Awe
1612.mp4,Awe
1715.mp4,Awe
2145.mp4,Awe
1970.mp4,Awe
1583.mp4,Awe
0586.mp4,Awe
1495.mp4,Awe
0996.mp4,Awe
0330.mp4,Awe
1879.mp4,Awe
0286.mp4,Awe
0386.mp4,Awe
0684.mp4,Awe
1261.mp4,Awe
0974.mp4,Awe
0228.mp4,Awe
1035.mp4,Awe
0148.mp4,Awe
1274.mp4,Awe
0488.mp4,Awe
1958.mp4,Awe
1937.mp4,Awe
0671.mp4,Awe
0890.mp4,Awe
0546.mp4,Awe
0039.mp4,Awe
0041.mp4,Awe
1637.mp4,Awe
0639.mp4,Awe
0538.mp4,Awe
0060.mp4,Awe
1505.mp4,Awe
1518.mp4,Awe
0939.mp4,Awe
0698.mp4,Awe
0230.mp4,Awe
0623.mp4,Awe
0589.mp4,Awe
0718.mp4,Awe
0409.mp4,Awe
0217.mp4,Awe
2103.mp4,Awe
1149.mp4,Awe
0663.mp4,Awe
0418.mp4,Awe
0314.mp4,Awe
1030.mp4,Awe
0583.mp4,Awe
1020.mp4,Awe
1714.mp4,Awe
0229.mp4,Awe
0274.mp4,Awe
2108.mp4,Awe
0766.mp4,Awe
2033.mp4,Awe
0764.mp4,Awe
2055.mp4,Sexual Desire
0599.mp4,Sexual Desire
1447.mp4,Sexual Desire
0423.mp4,Sexual Desire
2180.mp4,Sexual Desire
1728.mp4,Sexual Desire
0732.mp4,Sexual Desire
0320.mp4,Sexual Desire
0878.mp4,Sexual Desire
0850.mp4,Sexual Desire
1557.mp4,Sexual Desire
1266.mp4,Sexual Desire
0309.mp4,Sexual Desire
1438.mp4,Sexual Desire
0140.mp4,Sexual Desire
0162.mp4,Sexual Desire
0376.mp4,Sexual Desire
0473.mp4,Sexual Desire
0526.mp4,Sexual Desire
0798.mp4,Sexual Desire
0661.mp4,Sexual Desire
1038.mp4,Sexual Desire
0373.mp4,Sexual Desire
2133.mp4,Sexual Desire
1561.mp4,Sexual Desire
1377.mp4,Sexual Desire
1399.mp4,Sexual Desire
0997.mp4,Sexual Desire
2037.mp4,Sexual Desire
0832.mp4,Sexual Desire
0018.mp4,Sexual Desire
0936.mp4,Sexual Desire
1853.mp4,Sexual Desire
1491.mp4,Sexual Desire
0587.mp4,Sexual Desire
1769.mp4,Sexual Desire
2063.mp4,Sexual Desire
2110.mp4,Sexual Desire
0556.mp4,Sexual Desire
1849.mp4,Sexual Desire
1539.mp4,Sexual Desire
0359.mp4,Sexual Desire
0010.mp4,Sexual Desire
1248.mp4,Sexual Desire
2053.mp4,Sexual Desire
1772.mp4,Sexual Desire
1385.mp4,Sexual Desire
2167.mp4,Sexual Desire
2089.mp4,Sexual Desire
1008.mp4,Sexual Desire
0337.mp4,Sexual Desire
1998.mp4,Sexual Desire
1889.mp4,Sexual Desire
0552.mp4,Sexual Desire
1370.mp4,Sexual Desire
1917.mp4,Sexual Desire
0791.mp4,Sexual Desire
2027.mp4,Sexual Desire
0112.mp4,Sexual Desire
0508.mp4,Sexual Desire
1634.mp4,Sexual Desire
2015.mp4,Sexual Desire
0709.mp4,Sexual Desire
1610.mp4,Sexual Desire
0816.mp4,Sexual Desire
1829.mp4,Sexual Desire
1472.mp4,Sexual Desire
1983.mp4,Sexual Desire
0641.mp4,Sexual Desire
1228.mp4,Sexual Desire
0922.mp4,Sexual Desire
1307.mp4,Sexual Desire
1895.mp4,Sexual Desire
1617.mp4,Sexual Desire
0749.mp4,Sexual Desire
1293.mp4,Sexual Desire
0427.mp4,Sexual Desire
1129.mp4,Sexual Desire
1116.mp4,Sexual Desire
0567.mp4,Sexual Desire
1640.mp4,Sexual Desire
1913.mp4,Sexual Desire
0139.mp4,Sexual Desire
1684.mp4,Sexual Desire
0138.mp4,Sexual Desire
0057.mp4,Sexual Desire
0954.mp4,Sexual Desire
1338.mp4,Sexual Desire
0539.mp4,Sexual Desire
0501.mp4,Sexual Desire
1069.mp4,Sexual Desire
0511.mp4,Sexual Desire
1925.mp4,Sexual Desire
1862.mp4,Awkwardness
1864.mp4,Awkwardness
1388.mp4,Awkwardness
0872.mp4,Awkwardness
0882.mp4,Awkwardness
0947.mp4,Awkwardness
1567.mp4,Awkwardness
0594.mp4,Awkwardness
0285.mp4,Awkwardness
0052.mp4,Awkwardness
1211.mp4,Awkwardness
0108.mp4,Awkwardness
1475.mp4,Disgust
2106.mp4,Disgust
1771.mp4,Disgust
1362.mp4,Disgust
0081.mp4,Disgust
0634.mp4,Disgust
1919.mp4,Disgust
1170.mp4,Disgust
2048.mp4,Disgust
1630.mp4,Disgust
0566.mp4,Disgust
0216.mp4,Disgust
0707.mp4,Disgust
2155.mp4,Disgust
1627.mp4,Disgust
1109.mp4,Disgust
0494.mp4,Disgust
2157.mp4,Disgust
0865.mp4,Disgust
0414.mp4,Disgust
2012.mp4,Disgust
0135.mp4,Disgust
1875.mp4,Disgust
0667.mp4,Disgust
2141.mp4,Disgust
0937.mp4,Disgust
0913.mp4,Disgust
1511.mp4,Disgust
0271.mp4,Disgust
0999.mp4,Disgust
1414.mp4,Disgust
1441.mp4,Disgust
1871.mp4,Disgust
1934.mp4,Disgust
2169.mp4,Disgust
0179.mp4,Disgust
0776.mp4,Disgust
1589.mp4,Disgust
1118.mp4,Disgust
0768.mp4,Disgust
2019.mp4,Disgust
0268.mp4,Disgust
1691.mp4,Disgust
0857.mp4,Disgust
1423.mp4,Disgust
0214.mp4,Disgust
0021.mp4,Disgust
0849.mp4,Disgust
0223.mp4,Disgust
0266.mp4,Disgust
1103.mp4,Disgust
1123.mp4,Disgust
1519.mp4,Disgust
0839.mp4,Disgust
0829.mp4,Disgust
0926.mp4,Disgust
1199.mp4,Disgust
1655.mp4,Disgust
0991.mp4,Disgust
1136.mp4,Disgust
1576.mp4,Disgust
2139.mp4,Disgust
1224.mp4,Disgust
1217.mp4,Disgust
1359.mp4,Disgust
2047.mp4,Disgust
2147.mp4,Disgust
1940.mp4,Disgust
2122.mp4,Disgust
0929.mp4,Disgust
2142.mp4,Disgust
1844.mp4,Disgust
2008.mp4,Disgust
1991.mp4,Disgust
1792.mp4,Disgust
1268.mp4,Disgust
1765.mp4,Disgust
0288.mp4,Disgust
1907.mp4,Disgust
1960.mp4,Disgust
1927.mp4,Disgust
1706.mp4,Disgust
1019.mp4,Disgust
2009.mp4,Disgust
1271.mp4,Disgust
1916.mp4,Disgust
1556.mp4,Disgust
1724.mp4,Disgust
2081.mp4,Disgust
0225.mp4,Disgust
0557.mp4,Disgust
1675.mp4,Disgust
0434.mp4,Disgust
0187.mp4,Disgust
0124.mp4,Disgust
1973.mp4,Disgust
0876.mp4,Disgust
1350.mp4,Disgust
0048.mp4,Disgust
1928.mp4,Disgust
2016.mp4,Disgust
0781.mp4,Disgust
2036.mp4,Disgust
0441.mp4,Disgust
1790.mp4,Disgust
2152.mp4,Disgust
0665.mp4,Disgust
1194.mp4,Disgust
1117.mp4,Disgust
0513.mp4,Disgust
0804.mp4,Disgust
0551.mp4,Disgust
1471.mp4,Disgust
0813.mp4,Disgust
1303.mp4,Disgust
0308.mp4,Disgust
0874.mp4,Disgust
0335.mp4,Disgust
1487.mp4,Disgust
0989.mp4,Disgust
0713.mp4,Disgust
1885.mp4,Disgust
0197.mp4,Disgust
0888.mp4,Disgust
1190.mp4,Disgust
0861.mp4,Disgust
0073.mp4,Disgust
1977.mp4,Disgust
0079.mp4,Disgust
1176.mp4,Disgust
1596.mp4,Disgust
2024.mp4,Disgust
1703.mp4,Disgust
0355.mp4,Disgust
2018.mp4,Disgust
0030.mp4,Disgust
0028.mp4,Disgust
0393.mp4,Disgust
1275.mp4,Disgust
1985.mp4,Disgust
0826.mp4,Disgust
1310.mp4,Disgust
1309.mp4,Disgust
0514.mp4,Disgust
0760.mp4,Disgust
1532.mp4,Disgust
0345.mp4,Disgust
0235.mp4,Disgust
0106.mp4,Disgust
0464.mp4,Disgust
2116.mp4,Disgust
0141.mp4,Disgust
1514.mp4,Disgust
2004.mp4,Disgust
1903.mp4,Disgust
0243.mp4,Disgust
0401.mp4,Sympathy
1077.mp4,Sympathy
0014.mp4,Sympathy
2136.mp4,Sympathy
1730.mp4,Sympathy
1621.mp4,Sympathy
0549.mp4,Amusement
0163.mp4,Amusement
1707.mp4,Amusement
2059.mp4,Amusement
0245.mp4,Amusement
0191.mp4,Amusement
2031.mp4,Amusement
1124.mp4,Amusement
1317.mp4,Amusement
0038.mp4,Amusement
1328.mp4,Amusement
1672.mp4,Amusement
1930.mp4,Amusement
1582.mp4,Amusement
1524.mp4,Amusement
2131.mp4,Amusement
0920.mp4,Amusement
0083.mp4,Amusement
0032.mp4,Amusement
1676.mp4,Amusement
0222.mp4,Amusement
1290.mp4,Amusement
1578.mp4,Amusement
1787.mp4,Amusement
1206.mp4,Amusement
1239.mp4,Amusement
0742.mp4,Amusement
1112.mp4,Amusement
1741.mp4,Amusement
1861.mp4,Amusement
1155.mp4,Amusement
2104.mp4,Amusement
0407.mp4,Amusement
0582.mp4,Amusement
1148.mp4,Amusement
0161.mp4,Amusement
0728.mp4,Amusement
0340.mp4,Amusement
1015.mp4,Amusement
0189.mp4,Amusement
1497.mp4,Amusement
1528.mp4,Amusement
1545.mp4,Amusement
1463.mp4,Amusement
1653.mp4,Amusement
0944.mp4,Amusement
1085.mp4,Amusement
0047.mp4,Amusement
1402.mp4,Amusement
1296.mp4,Amusement
1145.mp4,Amusement
0027.mp4,Amusement
0747.mp4,Amusement
0657.mp4,Amusement
0734.mp4,Amusement
1818.mp4,Amusement
1996.mp4,Amusement
0070.mp4,Amusement
0912.mp4,Amusement
0894.mp4,Amusement
0424.mp4,Amusement
0879.mp4,Amusement
2029.mp4,Amusement
1097.mp4,Amusement
0980.mp4,Amusement
1175.mp4,Amusement
2166.mp4,Amusement
1173.mp4,Amusement
1643.mp4,Amusement
2112.mp4,Amusement
0086.mp4,Amusement
1081.mp4,Amusement
0897.mp4,Amusement
1856.mp4,Amusement
0256.mp4,Amusement
1529.mp4,Amusement
0680.mp4,Amusement
1104.mp4,Amusement
0950.mp4,Amusement
0716.mp4,Amusement
1512.mp4,Amusement
1744.mp4,Amusement
1538.mp4,Amusement
1146.mp4,Amusement
1954.mp4,Amusement
0282.mp4,Amusement
1963.mp4,Amusement
1010.mp4,Amusement
0775.mp4,Amusement
1600.mp4,Amusement
1984.mp4,Amusement
0708.mp4,Amusement
0574.mp4,Amusement
0998.mp4,Amusement
0725.mp4,Amusement
0614.mp4,Amusement
0265.mp4,Amusement
1368.mp4,Amusement
0123.mp4,Amusement
1089.mp4,Amusement
0762.mp4,Amusement
1992.mp4,Amusement
0336.mp4,Amusement
2111.mp4,Amusement
1912.mp4,Amusement
1696.mp4,Amusement
1410.mp4,Amusement
1065.mp4,Amusement
1631.mp4,Amusement
1635.mp4,Amusement
0134.mp4,Amusement
1709.mp4,Amusement
0258.mp4,Amusement
0066.mp4,Amusement
0209.mp4,Amusement
1334.mp4,Amusement
1900.mp4,Amusement
0091.mp4,Amusement
1746.mp4,Amusement
1356.mp4,Amusement
1459.mp4,Amusement
1330.mp4,Amusement
0160.mp4,Amusement
0003.mp4,Amusement
0966.mp4,Amusement
1198.mp4,Amusement
1242.mp4,Amusement
0202.mp4,Amusement
1891.mp4,Amusement
0425.mp4,Amusement
1863.mp4,Amusement
0892.mp4,Amusement
1456.mp4,Amusement
1842.mp4,Amusement
0224.mp4,Amusement
0545.mp4,Amusement
1411.mp4,Amusement
2071.mp4,Amusement
1060.mp4,Amusement
0297.mp4,Amusement
0953.mp4,Amusement
1462.mp4,Amusement
2179.mp4,Amusement
0291.mp4,Amusement
1523.mp4,Amusement
0731.mp4,Amusement
1288.mp4,Amusement
1565.mp4,Amusement
2005.mp4,Amusement
0221.mp4,Amusement
1343.mp4,Amusement
1000.mp4,Amusement
1698.mp4,Amusement
1558.mp4,Amusement
0442.mp4,Amusement
0440.mp4,Amusement
1489.mp4,Amusement
1806.mp4,Amusement
1200.mp4,Amusement
1729.mp4,Amusement
0452.mp4,Amusement
1229.mp4,Amusement
1215.mp4,Amusement
0579.mp4,Amusement
0691.mp4,Amusement
2051.mp4,Amusement
0797.mp4,Amusement
0200.mp4,Amusement
1821.mp4,Amusement
0788.mp4,Amusement
0174.mp4,Amusement
0668.mp4,Amusement
0867.mp4,Amusement
0399.mp4,Amusement
0705.mp4,Amusement
1332.mp4,Amusement
1398.mp4,Amusement
1770.mp4,Amusement
1499.mp4,Amusement
0852.mp4,Amusement
0172.mp4,Amusement
1134.mp4,Amusement
0403.mp4,Amusement
0430.mp4,Amusement
0817.mp4,Amusement
0572.mp4,Amusement
1011.mp4,Amusement
1800.mp4,Amusement
0167.mp4,Amusement
1187.mp4,Amusement
0472.mp4,Amusement
0640.mp4,Amusement
2001.mp4,Amusement
0990.mp4,Amusement
1484.mp4,Amusement
0741.mp4,Amusement
0642.mp4,Amusement
0979.mp4,Amusement
0277.mp4,Amusement
0323.mp4,Amusement
1009.mp4,Amusement
0720.mp4,Amusement
2173.mp4,Amusement
1595.mp4,Amusement
1335.mp4,Amusement
0432.mp4,Amusement
1761.mp4,Amusement
2000.mp4,Amusement
1452.mp4,Amusement
0670.mp4,Amusement
0087.mp4,Amusement
1579.mp4,Amusement
2146.mp4,Amusement
2114.mp4,Amusement
2175.mp4,Amusement
1099.mp4,Amusement
1262.mp4,Amusement
0188.mp4,Amusement
0071.mp4,Amusement
0993.mp4,Amusement
2042.mp4,Amusement
0050.mp4,Amusement
0115.mp4,Amusement
0653.mp4,Amusement
1597.mp4,Amusement
1625.mp4,Amusement
1188.mp4,Amusement
1811.mp4,Amusement
0292.mp4,Amusement
0910.mp4,Amusement
1710.mp4,Amusement
0938.mp4,Amusement
1898.mp4,Amusement
1804.mp4,Amusement
1049.mp4,Amusement
1944.mp4,Amusement
0412.mp4,Amusement
1961.mp4,Amusement
1669.mp4,Amusement
0868.mp4,Amusement
1365.mp4,Amusement
0618.mp4,Amusement
1699.mp4,Amusement
0438.mp4,Amusement
1236.mp4,Amusement
1158.mp4,Amusement
0576.mp4,Amusement
1209.mp4,Amusement
0178.mp4,Amusement
1808.mp4,Amusement
1036.mp4,Amusement
0577.mp4,Amusement
2050.mp4,Amusement
0928.mp4,Amusement
0177.mp4,Amusement
1106.mp4,Amusement
1850.mp4,Amusement
1580.mp4,Amusement
0012.mp4,Amusement
0638.mp4,Amusement
1697.mp4,Amusement
0241.mp4,Amusement
2158.mp4,Amusement
1450.mp4,Amusement
2076.mp4,Amusement
0210.mp4,Amusement
1750.mp4,Amusement
1727.mp4,Amusement
0591.mp4,Amusement
1506.mp4,Amusement
1366.mp4,Amusement
0769.mp4,Amusement
0082.mp4,Amusement
0151.mp4,Amusement
1039.mp4,Amusement
2061.mp4,Amusement
1606.mp4,Amusement
2182.mp4,Amusement
1649.mp4,Amusement
0183.mp4,Amusement
0534.mp4,Amusement
1564.mp4,Amusement
2083.mp4,Amusement
1131.mp4,Amusement
1880.mp4,Amusement
0620.mp4,Amusement
1256.mp4,Amusement
1461.mp4,Amusement
0361.mp4,Amusement
2064.mp4,Amusement
1483.mp4,Amusement
0871.mp4,Amusement
0346.mp4,Amusement
0592.mp4,Amusement
1526.mp4,Amusement
1140.mp4,Amusement
0854.mp4,Amusement
0099.mp4,Amusement
0748.mp4,Amusement
1749.mp4,Amusement
1869.mp4,Amusement
0982.mp4,Amusement
1647.mp4,Amusement
0305.mp4,Amusement
2038.mp4,Amusement
0074.mp4,Amusement
1428.mp4,Amusement
1785.mp4,Amusement
2077.mp4,Amusement
1404.mp4,Amusement
0237.mp4,Amusement
1147.mp4,Amusement
1753.mp4,Amusement
1098.mp4,Amusement
1890.mp4,Amusement
1046.mp4,Amusement
1522.mp4,Amusement
0380.mp4,Amusement
1540.mp4,Amusement
1670.mp4,Amusement
0609.mp4,Amusement
1254.mp4,Amusement
1230.mp4,Amusement
1058.mp4,Amusement
1454.mp4,Amusement
2127.mp4,Amusement
0328.mp4,Amusement
0521.mp4,Amusement
1415.mp4,Amusement
1816.mp4,Amusement
1301.mp4,Amusement
0101.mp4,Amusement
0503.mp4,Amusement
1396.mp4,Amusement
1527.mp4,Amusement
2085.mp4,Amusement
1088.mp4,Amusement
0056.mp4,Amusement
0257.mp4,Amusement
0469.mp4,Amusement
2125.mp4,Amusement
0987.mp4,Amusement
1801.mp4,Amusement
2017.mp4,Amusement
0371.mp4,Amusement
1320.mp4,Amusement
0459.mp4,Amusement
0011.mp4,Amusement
1521.mp4,Amusement
1346.mp4,Amusement
0498.mp4,Amusement
1995.mp4,Amusement
1161.mp4,Amusement
1508.mp4,Amusement
1851.mp4,Amusement
0037.mp4,Amusement
1721.mp4,Amusement
0864.mp4,Amusement
0131.mp4,Amusement
1488.mp4,Amusement
1344.mp4,Amusement
0702.mp4,Amusement
0114.mp4,Amusement
1033.mp4,Amusement
1929.mp4,Amusement
1353.mp4,Amusement
2046.mp4,Amusement
0931.mp4,Amusement
0120.mp4,Amusement
0462.mp4,Amusement
0273.mp4,Amusement
1163.mp4,Amusement
0296.mp4,Amusement
0859.mp4,Amusement
0260.mp4,Amusement
1661.mp4,Amusement
1347.mp4,Amusement
0247.mp4,Amusement
0094.mp4,Amusement
0227.mp4,Amusement
0358.mp4,Amusement
0727.mp4,Amusement
0105.mp4,Amusement
0823.mp4,Amusement
1824.mp4,Amusement
0840.mp4,Amusement
1133.mp4,Amusement
2100.mp4,Amusement
1082.mp4,Amusement
0858.mp4,Amusement
1304.mp4,Amusement
2137.mp4,Amusement
1546.mp4,Amusement
1763.mp4,Amusement
0656.mp4,Amusement
0486.mp4,Amusement
0290.mp4,Amusement
1762.mp4,Amusement
0758.mp4,Amusement
0959.mp4,Amusement
0633.mp4,Amusement
1902.mp4,Amusement
1904.mp4,Amusement
1382.mp4,Amusement
1319.mp4,Amusement
0715.mp4,Amusement
0497.mp4,Amusement
0917.mp4,Amusement
1918.mp4,Amusement
0072.mp4,Amusement
0270.mp4,Amusement
0787.mp4,Amusement
1371.mp4,Amusement
2032.mp4,Amusement
0544.mp4,Amusement
1501.mp4,Amusement
0004.mp4,Amusement
1882.mp4,Amusement
1865.mp4,Amusement
1515.mp4,Amusement
0654.mp4,Amusement
1047.mp4,Amusement
0420.mp4,Amusement
0838.mp4,Amusement
0821.mp4,Amusement
1494.mp4,Amusement
0457.mp4,Amusement
1563.mp4,Amusement
1376.mp4,Amusement
0985.mp4,Amusement
0685.mp4,Amusement
1240.mp4,Amusement
0467.mp4,Amusement
1220.mp4,Amusement
0906.mp4,Amusement
1087.mp4,Amusement
1031.mp4,Amusement
0995.mp4,Amusement
0924.mp4,Amusement
1094.mp4,Amusement
0206.mp4,Pride
0784.mp4,Pride
1560.mp4,Satisfaction
1687.mp4,Satisfaction
1671.mp4,Satisfaction
1798.mp4,Satisfaction
1267.mp4,Joy
0593.mp4,Joy
1420.mp4,Joy
0454.mp4,Joy
0331.mp4,Joy
0480.mp4,Joy
1034.mp4,Joy
1953.mp4,Joy
0933.mp4,Joy
0688.mp4,Joy
0100.mp4,Joy
0207.mp4,Joy
1569.mp4,Joy
1855.mp4,Joy
0666.mp4,Joy
0597.mp4,Joy
2013.mp4,Joy
0043.mp4,Joy
2034.mp4,Joy
1547.mp4,Joy
0628.mp4,Joy
1249.mp4,Joy
1380.mp4,Joy
0978.mp4,Joy
0650.mp4,Joy
2057.mp4,Joy
1712.mp4,Joy
0121.mp4,Joy
0165.mp4,Joy
2002.mp4,Joy
1783.mp4,Joy
1503.mp4,Joy
1349.mp4,Joy
1363.mp4,Joy
1032.mp4,Joy
1245.mp4,Joy
0300.mp4,Joy
1093.mp4,Joy
0126.mp4,Joy
1548.mp4,Joy
0022.mp4,Triumph
0173.mp4,Triumph
1474.mp4,Triumph
0675.mp4,Triumph
0298.mp4,Triumph
1130.mp4,Triumph
1717.mp4,Triumph
1568.mp4,Triumph
0637.mp4,Triumph
0293.mp4,Triumph
1584.mp4,Triumph
1192.mp4,Triumph
0398.mp4,Sadness
0805.mp4,Sadness
1485.mp4,Sadness
0051.mp4,Sadness
1725.mp4,Sadness
1933.mp4,Sadness
0445.mp4,Sadness
0777.mp4,Sadness
1959.mp4,Sadness
0067.mp4,Sadness
0803.mp4,Sadness
2144.mp4,Sadness
1786.mp4,Sadness
0226.mp4,Sadness
0181.mp4,Sadness
1231.mp4,Sadness
2119.mp4,Sadness
0477.mp4,Sadness
1478.mp4,Sadness
0975.mp4,Sadness
1473.mp4,Sadness
0276.mp4,Sadness
2035.mp4,Sadness
0611.mp4,Sadness
0333.mp4,Sadness
0673.mp4,Sadness
1101.mp4,Sadness
0059.mp4,Sadness
1674.mp4,Sadness
2148.mp4,Sadness
1238.mp4,Sadness
0700.mp4,Sadness
0009.mp4,Sadness
0914.mp4,Sadness
0208.mp4,Sadness
1623.mp4,Sadness
1279.mp4,Sadness
0756.mp4,Sadness
1004.mp4,Sadness
0717.mp4,Sadness
1169.mp4,Sadness
1259.mp4,Sadness
1831.mp4,Sadness
1591.mp4,Sadness
0262.mp4,Fear
1283.mp4,Fear
1221.mp4,Fear
1774.mp4,Fear
1419.mp4,Fear
1440.mp4,Fear
0015.mp4,Fear
1837.mp4,Fear
2091.mp4,Fear
0389.mp4,Fear
0750.mp4,Fear
0973.mp4,Fear
0524.mp4,Fear
1323.mp4,Fear
0364.mp4,Fear
0249.mp4,Fear
1042.mp4,Fear
0886.mp4,Fear
1492.mp4,Fear
1615.mp4,Fear
0437.mp4,Fear
1406.mp4,Fear
1931.mp4,Fear
0949.mp4,Fear
0825.mp4,Fear
1076.mp4,Fear
1887.mp4,Fear
1079.mp4,Fear
0133.mp4,Fear
0558.mp4,Fear
0517.mp4,Fear
1590.mp4,Fear
0374.mp4,Fear
2067.mp4,Fear
1847.mp4,Fear
0808.mp4,Fear
1212.mp4,Fear
0443.mp4,Fear
1832.mp4,Fear
0765.mp4,Fear
1980.mp4,Fear
2069.mp4,Fear
2162.mp4,Fear
0143.mp4,Fear
1780.mp4,Fear
1906.mp4,Fear
0706.mp4,Fear
1767.mp4,Fear
1202.mp4,Fear
1172.mp4,Fear
0889.mp4,Fear
1779.mp4,Fear
2161.mp4,Fear
0563.mp4,Fear
0405.mp4,Fear
0279.mp4,Fear
0935.mp4,Fear
1302.mp4,Fear
1375.mp4,Fear
0687.mp4,Fear
1742.mp4,Fear
0395.mp4,Fear
0408.mp4,Fear
0504.mp4,Fear
0190.mp4,Fear
2168.mp4,Fear
1843.mp4,Fear
1870.mp4,Fear
0448.mp4,Fear
0334.mp4,Fear
0885.mp4,Fear
1736.mp4,Fear
2022.mp4,Fear
0568.mp4,Fear
1073.mp4,Fear
0129.mp4,Fear
1361.mp4,Fear
1543.mp4,Fear
0065.mp4,Fear
0482.mp4,Fear
0137.mp4,Fear
0940.mp4,Fear
0703.mp4,Fear
1374.mp4,Fear
0068.mp4,Fear
1189.mp4,Fear
1726.mp4,Fear
1115.mp4,Fear
0548.mp4,Fear
0909.mp4,Fear
1219.mp4,Fear
0450.mp4,Fear
1160.mp4,Fear
0166.mp4,Fear
0025.mp4,Fear
0554.mp4,Fear
2078.mp4,Excitement
1345.mp4,Excitement
1486.mp4,Excitement
0275.mp4,Excitement
0540.mp4,Excitement
0921.mp4,Excitement
2092.mp4,Excitement
2087.mp4,Excitement
0899.mp4,Excitement
1210.mp4,Excitement
0402.mp4,Excitement
2021.mp4,Excitement
1570.mp4,Excitement
1777.mp4,Excitement
1642.mp4,Excitement
1218.mp4,Excitement
0986.mp4,Excitement
1799.mp4,Excitement
0156.mp4,Excitement
0701.mp4,Excitement
1180.mp4,Calmness
0590.mp4,Calmness
1789.mp4,Calmness
1760.mp4,Calmness
1216.mp4,Calmness
1835.mp4,Calmness
0951.mp4,Calmness
0339.mp4,Calmness
1427.mp4,Calmness
0348.mp4,Calmness
1193.mp4,Calmness
0311.mp4,Craving
0789.mp4,Craving
0152.mp4,Craving
1270.mp4,Craving
0799.mp4,Craving
1138.mp4,Craving
0880.mp4,Craving
1498.mp4,Craving
0919.mp4,Craving
1981.mp4,Craving
1949.mp4,Craving
0531.mp4,Craving
0365.mp4,Craving
0144.mp4,Craving
0212.mp4,Craving
1854.mp4,Craving
0284.mp4,Craving
0019.mp4,Craving
2143.mp4,Craving
1826.mp4,Craving
2095.mp4,Craving
0678.mp4,Craving
0110.mp4,Craving
1968.mp4,Craving
0896.mp4,Craving
1451.mp4,Craving
1205.mp4,Craving
0883.mp4,Craving
1740.mp4,Craving
0830.mp4,Craving
1950.mp4,Craving
1936.mp4,Craving
2149.mp4,Craving
0884.mp4,Craving
1711.mp4,Craving
0542.mp4,Craving
2107.mp4,Craving
0780.mp4,Craving
1852.mp4,Craving
0898.mp4,Craving
0561.mp4,Craving
0458.mp4,Craving
1207.mp4,Craving
1053.mp4,Craving
2044.mp4,Nostalgia
0002.mp4,Nostalgia
0006.mp4,Nostalgia
1544.mp4,Nostalgia
1614.mp4,Nostalgia
1603.mp4,Nostalgia
1530.mp4,Nostalgia
0712.mp4,Nostalgia
1841.mp4,Nostalgia
0356.mp4,Nostalgia
1966.mp4,Nostalgia
1413.mp4,Nostalgia
2093.mp4,Nostalgia
1731.mp4,Nostalgia
2088.mp4,Nostalgia
1055.mp4,Nostalgia
1057.mp4,Nostalgia
1817.mp4,Nostalgia
1482.mp4,Nostalgia
1045.mp4,Nostalgia
0421.mp4,Nostalgia
0378.mp4,Nostalgia
1253.mp4,Nostalgia
0049.mp4,Nostalgia
2056.mp4,Nostalgia
0630.mp4,Nostalgia
0301.mp4,Nostalgia
1602.mp4,Nostalgia
0193.mp4,Nostalgia
1105.mp4,Nostalgia
1982.mp4,Nostalgia
1003.mp4,Nostalgia
1713.mp4,Nostalgia
0943.mp4,Nostalgia
0354.mp4,Nostalgia
1517.mp4,Nostalgia
0201.mp4,Nostalgia
1125.mp4,Nostalgia
0785.mp4,Nostalgia
1305.mp4,Nostalgia
1574.mp4,Nostalgia
1719.mp4,Nostalgia
0819.mp4,Nostalgia
0263.mp4,Nostalgia
1312.mp4,Nostalgia
1083.mp4,Nostalgia
1327.mp4,Nostalgia
1754.mp4,Nostalgia
0142.mp4,Nostalgia
1805.mp4,Nostalgia
0810.mp4,Nostalgia
1840.mp4,Nostalgia
0368.mp4,Nostalgia
0710.mp4,Nostalgia
1739.mp4,Relief
0363.mp4,Relief
1342.mp4,Relief
0570.mp4,Relief
1397.mp4,Relief
1690.mp4,Relief
0316.mp4,Relief
2130.mp4,Relief
0536.mp4,Relief
2120.mp4,Relief
1878.mp4,Relief
2128.mp4,Entrancement
1668.mp4,Entrancement
0672.mp4,Entrancement
0317.mp4,Entrancement
0945.mp4,Entrancement
0833.mp4,Entrancement
1535.mp4,Entrancement
1857.mp4,Entrancement
2140.mp4,Entrancement
0901.mp4,Entrancement
2105.mp4,Entrancement
1352.mp4,Entrancement
0499.mp4,Entrancement
0092.mp4,Entrancement
0233.mp4,Entrancement
0822.mp4,Entrancement
1747.mp4,Entrancement
1722.mp4,Entrancement
1877.mp4,Entrancement
0533.mp4,Entrancement
1867.mp4,Entrancement
0287.mp4,Entrancement
1833.mp4,Entrancement
1860.mp4,Entrancement
1751.mp4,Entrancement
1280.mp4,Entrancement
0449.mp4,Entrancement
2126.mp4,Entrancement
0415.mp4,Admiration
1445.mp4,Admiration
0923.mp4,Admiration
1886.mp4,Admiration
0794.mp4,Admiration
1639.mp4,Admiration
0239.mp4,Admiration
0264.mp4,Admiration
1453.mp4,Admiration
1037.mp4,Admiration
1153.mp4,Interest
1759.mp4,Interest
1624.mp4,Interest
0246.mp4,Interest
0994.mp4,Interest
1866.mp4,Interest
1007.mp4,Interest
0753.mp4,Interest
0960.mp4,Interest
0085.mp4,Interest
0033.mp4,Interest
1068.mp4,Interest
0621.mp4,Interest
0662.mp4,Interest
1168.mp4,Interest
1075.mp4,Interest
0500.mp4,Interest
1743.mp4,Interest
1656.mp4,Interest
1775.mp4,Interest
1141.mp4,Interest
0404.mp4,Interest
1641.mp4,Interest
1552.mp4,Interest
0807.mp4,Interest
1619.mp4,Interest
0846.mp4,Interest
0077.mp4,Interest
0250.mp4,Interest
1971.mp4,Interest
0763.mp4,Interest
1358.mp4,Interest
1682.mp4,Interest
2068.mp4,Interest
0248.mp4,Interest
1331.mp4,Interest
1932.mp4,Interest
1967.mp4,Interest
1013.mp4,Interest
1095.mp4,Interest
2003.mp4,Interest
0930.mp4,Interest
1050.mp4,Interest
0664.mp4,Interest
0231.mp4,Interest
0723.mp4,Interest
1265.mp4,Interest
1412.mp4,Interest
0034.mp4,Interest
0343.mp4,Interest
1531.mp4,Interest
0842.mp4,Interest
0988.mp4,Interest
0063.mp4,Interest
1162.mp4,Interest
1040.mp4,Interest
0253.mp4,Interest
0352.mp4,Interest
1255.mp4,Interest
1633.mp4,Interest
0426.mp4,Interest
1392.mp4,Interest
0341.mp4,Interest
0738.mp4,Interest
0844.mp4,Interest
1477.mp4,Interest
1571.mp4,Interest
1700.mp4,Interest
0001.mp4,Interest
1322.mp4,Interest
1662.mp4,Interest
0169.mp4,Interest
0394.mp4,Interest
1834.mp4,Interest
1664.mp4,Interest
1384.mp4,Interest
1324.mp4,Interest
0686.mp4,Interest
0843.mp4,Interest
1549.mp4,Interest
1609.mp4,Interest
0157.mp4,Interest
0428.mp4,Interest
1348.mp4,Interest
1333.mp4,Interest
1108.mp4,Interest
0502.mp4,Interest
0485.mp4,Interest
2172.mp4,Aesthetic Appreciation
1876.mp4,Aesthetic Appreciation
0547.mp4,Aesthetic Appreciation
1121.mp4,Aesthetic Appreciation
1395.mp4,Aesthetic Appreciation
1386.mp4,Aesthetic Appreciation
1151.mp4,Aesthetic Appreciation
0198.mp4,Aesthetic Appreciation
1166.mp4,Aesthetic Appreciation
0771.mp4,Aesthetic Appreciation
0446.mp4,Aesthetic Appreciation
0020.mp4,Aesthetic Appreciation
1061.mp4,Aesthetic Appreciation
1915.mp4,Aesthetic Appreciation
0199.mp4,Aesthetic Appreciation
0613.mp4,Aesthetic Appreciation
0318.mp4,Aesthetic Appreciation
0289.mp4,Aesthetic Appreciation
1263.mp4,Aesthetic Appreciation
1883.mp4,Aesthetic Appreciation
1554.mp4,Aesthetic Appreciation
1467.mp4,Aesthetic Appreciation
0471.mp4,Aesthetic Appreciation
0519.mp4,Aesthetic Appreciation
1778.mp4,Aesthetic Appreciation
1360.mp4,Aesthetic Appreciation
1110.mp4,Aesthetic Appreciation
1573.mp4,Aesthetic Appreciation
0659.mp4,Aesthetic Appreciation
1516.mp4,Aesthetic Appreciation
2082.mp4,Aesthetic Appreciation
0895.mp4,Aesthetic Appreciation
0963.mp4,Aesthetic Appreciation
0175.mp4,Aesthetic Appreciation
1897.mp4,Aesthetic Appreciation
0008.mp4,Aesthetic Appreciation
0476.mp4,Aesthetic Appreciation
1120.mp4,Aesthetic Appreciation
1387.mp4,Aesthetic Appreciation
0026.mp4,Aesthetic Appreciation
0801.mp4,Aesthetic Appreciation
0751.mp4,Aesthetic Appreciation
0967.mp4,Aesthetic Appreciation
0636.mp4,Aesthetic Appreciation
1314.mp4,Aesthetic Appreciation
1708.mp4,Aesthetic Appreciation
0147.mp4,Aesthetic Appreciation
1252.mp4,Aesthetic Appreciation
1421.mp4,Aesthetic Appreciation
1378.mp4,Aesthetic Appreciation
0969.mp4,Aesthetic Appreciation
0478.mp4,Aesthetic Appreciation
0743.mp4,Aesthetic Appreciation
0651.mp4,Aesthetic Appreciation
2065.mp4,Aesthetic Appreciation
0848.mp4,Aesthetic Appreciation
1872.mp4,Aesthetic Appreciation
1291.mp4,Aesthetic Appreciation
2163.mp4,Aesthetic Appreciation
1620.mp4,Aesthetic Appreciation
1962.mp4,Aesthetic Appreciation
1022.mp4,Aesthetic Appreciation
2028.mp4,Aesthetic Appreciation
1143.mp4,Aesthetic Appreciation
0612.mp4,Aesthetic Appreciation
0219.mp4,Aesthetic Appreciation
0786.mp4,Aesthetic Appreciation
1409.mp4,Aesthetic Appreciation
2176.mp4,Aesthetic Appreciation
1080.mp4,Aesthetic Appreciation
0007.mp4,Aesthetic Appreciation
1986.mp4,Aesthetic Appreciation
1426.mp4,Aesthetic Appreciation
1566.mp4,Aesthetic Appreciation
0516.mp4,Aesthetic Appreciation
0064.mp4,Aesthetic Appreciation
2025.mp4,Aesthetic Appreciation
1476.mp4,Aesthetic Appreciation
0084.mp4,Aesthetic Appreciation
0757.mp4,Aesthetic Appreciation
1921.mp4,Aesthetic Appreciation
0652.mp4,Aesthetic Appreciation
1575.mp4,Aesthetic Appreciation
0493.mp4,Aesthetic Appreciation
1496.mp4,Aesthetic Appreciation
1734.mp4,Aesthetic Appreciation
1439.mp4,Aesthetic Appreciation
0669.mp4,Aesthetic Appreciation
1680.mp4,Aesthetic Appreciation
0496.mp4,Aesthetic Appreciation
0384.mp4,Aesthetic Appreciation
1048.mp4,Aesthetic Appreciation
0580.mp4,Aesthetic Appreciation
0360.mp4,Aesthetic Appreciation
0397.mp4,Aesthetic Appreciation
0530.mp4,Aesthetic Appreciation
1688.mp4,Aesthetic Appreciation
0042.mp4,Aesthetic Appreciation
1336.mp4,Aesthetic Appreciation
1957.mp4,Aesthetic Appreciation
0055.mp4,Aesthetic Appreciation
2181.mp4,Aesthetic Appreciation
1446.mp4,Aesthetic Appreciation
0396.mp4,Aesthetic Appreciation
1616.mp4,Aesthetic Appreciation
1232.mp4,Aesthetic Appreciation
1139.mp4,Aesthetic Appreciation
0870.mp4,Aesthetic Appreciation
0916.mp4,Aesthetic Appreciation
1244.mp4,Aesthetic Appreciation
0535.mp4,Aesthetic Appreciation
0016.mp4,Aesthetic Appreciation
0555.mp4,Aesthetic Appreciation
1988.mp4,Aesthetic Appreciation
0149.mp4,Aesthetic Appreciation
0616.mp4,Aesthetic Appreciation
0058.mp4,Aesthetic Appreciation
2075.mp4,Aesthetic Appreciation
2099.mp4,Aesthetic Appreciation
0569.mp4,Aesthetic Appreciation
1592.mp4,Aesthetic Appreciation
1659.mp4,Aesthetic Appreciation
0828.mp4,Aesthetic Appreciation
1025.mp4,Aesthetic Appreciation
1735.mp4,Aesthetic Appreciation
1455.mp4,Aesthetic Appreciation
1321.mp4,Aesthetic Appreciation
0645.mp4,Aesthetic Appreciation
0349.mp4,Aesthetic Appreciation
1678.mp4,Aesthetic Appreciation
0171.mp4,Aesthetic Appreciation
1608.mp4,Aesthetic Appreciation
1510.mp4,Aesthetic Appreciation
1910.mp4,Aesthetic Appreciation
0078.mp4,Aesthetic Appreciation
0090.mp4,Aesthetic Appreciation
0601.mp4,Aesthetic Appreciation
1823.mp4,Aesthetic Appreciation
2084.mp4,Empathic Pain
2080.mp4,Empathic Pain
1585.mp4,Empathic Pain
0089.mp4,Empathic Pain
2109.mp4,Empathic Pain
0132.mp4,Empathic Pain
0958.mp4,Empathic Pain
1613.mp4,Empathic Pain
0869.mp4,Empathic Pain
1768.mp4,Empathic Pain
0095.mp4,Empathic Pain
0211.mp4,Empathic Pain
0522.mp4,Empathic Pain
0252.mp4,Empathic Pain
1752.mp4,Empathic Pain
1181.mp4,Empathic Pain
2115.mp4,Empathic Pain
1090.mp4,Empathic Pain
1185.mp4,Empathic Pain
0746.mp4,Empathic Pain
0127.mp4,Empathic Pain
0104.mp4,Empathic Pain
0907.mp4,Empathic Pain
0313.mp4,Empathic Pain
0113.mp4,Adoration
0483.mp4,Adoration
1113.mp4,Adoration
0098.mp4,Adoration
2118.mp4,Adoration
1994.mp4,Adoration
1666.mp4,Adoration
1465.mp4,Adoration
2102.mp4,Adoration
0411.mp4,Adoration
1416.mp4,Adoration
1481.mp4,Adoration
1803.mp4,Adoration
1660.mp4,Adoration
0035.mp4,Adoration
0972.mp4,Adoration
1306.mp4,Adoration
1667.mp4,Adoration
0815.mp4,Adoration
1063.mp4,Adoration
1282.mp4,Adoration
0800.mp4,Adoration
1748.mp4,Adoration
0366.mp4,Adoration
0255.mp4,Adoration
0927.mp4,Adoration
0525.mp4,Adoration
0518.mp4,Adoration
0192.mp4,Adoration
0479.mp4,Adoration
1810.mp4,Adoration
1628.mp4,Adoration
1092.mp4,Adoration
0683.mp4,Adoration
1924.mp4,Adoration
0392.mp4,Adoration
1062.mp4,Adoration
2117.mp4,Adoration
0617.mp4,Adoration
1285.mp4,Adoration
1379.mp4,Adoration
0627.mp4,Adoration
0319.mp4,Adoration
0584.mp4,Adoration
1311.mp4,Adoration
0608.mp4,Adoration
1935.mp4,Adoration
1159.mp4,Adoration
0307.mp4,Adoration
0682.mp4,Adoration
1157.mp4,Adoration
0150.mp4,Adoration
1692.mp4,Adoration
1429.mp4,Adoration
1893.mp4,Adoration
0737.mp4,Adoration
0573.mp4,Adoration
0344.mp4,Adoration
1418.mp4,Adoration
0948.mp4,Confusion
2178.mp4,Confusion
1480.mp4,Confusion
0024.mp4,Confusion
0783.mp4,Confusion
0955.mp4,Confusion
1442.mp4,Confusion
1618.mp4,Confusion
1021.mp4,Confusion
0510.mp4,Confusion
0575.mp4,Confusion
2160.mp4,Confusion
0793.mp4,Confusion
1064.mp4,Confusion
0332.mp4,Confusion
0596.mp4,Confusion
1208.mp4,Confusion
0005.mp4,Confusion
0367.mp4,Confusion
1027.mp4,Confusion
2153.mp4,Confusion
1182.mp4,Confusion
0453.mp4,Confusion
2014.mp4,Confusion
0719.mp4,Confusion
2086.mp4,Confusion
1793.mp4,Confusion
1695.mp4,Confusion
0103.mp4,Confusion
1822.mp4,Confusion
0017.mp4,Confusion
0934.mp4,Confusion
0956.mp4,Confusion
0824.mp4,Confusion
1534.mp4,Confusion
0272.mp4,Confusion
1196.mp4,Confusion
0505.mp4,Confusion
1448.mp4,Confusion
1920.mp4,Confusion
0382.mp4,Confusion
1052.mp4,Confusion
1947.mp4,Confusion
0692.mp4,Confusion
1299.mp4,Confusion
0495.mp4,Confusion
0695.mp4,Confusion
0677.mp4,Surprise
2154.mp4,Surprise
1150.mp4,Surprise
1234.mp4,Surprise
0170.mp4,Surprise
0607.mp4,Surprise
2135.mp4,Surprise
1269.mp4,Surprise
0451.mp4,Surprise
1264.mp4,Surprise
0093.mp4,Surprise
0295.mp4,Surprise
1072.mp4,Surprise
0353.mp4,Surprise
2156.mp4,Surprise
1457.mp4,Surprise
1430.mp4,Surprise
2045.mp4,Surprise
1553.mp4,Surprise
1899.mp4,Surprise
0154.mp4,Surprise
1636.mp4,Surprise
2006.mp4,Surprise
0468.mp4,Surprise
1277.mp4,Surprise
1436.mp4,Surprise
0338.mp4,Surprise
1294.mp4,Surprise
1002.mp4,Surprise
0976.mp4,Surprise
1999.mp4,Surprise
0588.mp4,Surprise
1258.mp4,Surprise
2164.mp4,Surprise
0602.mp4,Surprise
1390.mp4,Surprise
2066.mp4,Anger
0595.mp4,Anger
1393.mp4,Anger
1119.mp4,Anger
0733.mp4,Anger
0681.mp4,Anger
1881.mp4,Anger
0054.mp4,Anger
1174.mp4,Anger
